nFID, Class
3498, 0
3496, 0
2833, 0
2523, 0
3347, 0
3369, 0
3271, 0
3057, 0
3356, 0
3209, 0
3955, 0
3380, 0
3406, 0
3158, 0
3287, 0
3105, 0
3289, 0
4829, 0
3087, 0
3776, 0
3392, 0
2494, 0
2825, 0
3900, 0
5732, 0
1595, 0
4429, 0
3140, 0
3035, 0
4377, 0
3228, 0
3159, 0
1033, 0
2849, 0
3128, 0
612, 0
4358, 0
3556, 0
3527, 0
4456, 0
2710, 0
5750, 0
2429, 0
4454, 0
3823, 0
1669, 0
3136, 0
2323, 0
2076, 0
1743, 0
1027, 0
3436, 0
1051, 0
4218, 0
3574, 0
3986, 0
2314, 0
4464, 0
2553, 0
2859, 0
4257, 0
3141, 0
1904, 0
924, 0
2896, 0
1941, 0
3737, 0
1384, 0
1829, 0
2179, 0
2931, 0
2977, 0
2075, 0
2785, 0
2178, 0
4434, 0
2378, 0
843, 0
3319, 0
2919, 0
3037, 0
2267, 0
2108, 0
945, 0
2411, 0
1383, 0
3086, 0
1656, 0
4430, 0
2707, 0
2293, 0
2573, 0
1608, 0
2723, 0
1452, 0
5768, 0
3688, 0
3144, 0
3630, 0
3742, 0
2583, 0
2371, 0
2319, 0
3048, 0
3938, 0
2025, 0
3307, 0
4463, 0
2063, 0
3620, 0
3281, 0
3062, 0
3902, 0
534, 0
1509, 0
1298, 0
3486, 0
1577, 0
3490, 0
3349, 0
2807, 0
4319, 0
3924, 0
1574, 0
1969, 0
3516, 0
3085, 0
3634, 0
2662, 0
2405, 0
2247, 0
1902, 0
5830, 0
4029, 0
3987, 0
3971, 0
1290, 0
237, 0
2846, 0
2798, 0
2750, 0
862, 0
3794, 0
3588, 0
4236, 0
1421, 0
2980, 0
1440, 0
947, 0
5906, 0
2689, 0
5891, 0
2362, 0
869, 0
3452, 0
4923, 0
4224, 0
4436, 0
1911, 0
5875, 0
3161, 0
2705, 0
2912, 0
2162, 0
2865, 0
4231, 0
5970, 0
1131, 0
2601, 0
1102, 0
2624, 0
1939, 0
4445, 0
5822, 0
4299, 0
3790, 0
1604, 0
4075, 0
3553, 0
1744, 0
1622, 0
5850, 0
2062, 0
3094, 0
4405, 0
2261, 0
2992, 0
3046, 0
3887, 0
2225, 0
5771, 0
3461, 0
4449, 0
4978, 0
2138, 0
2185, 0
5495, 0
1412, 0
2559, 0
4811, 0
2477, 0
3462, 0
5932, 0
2712, 0
3253, 0
2915, 0
2976, 0
1536, 0
1694, 0
3722, 0
2214, 0
4094, 0
780, 0
3217, 0
4049, 0
3313, 0
3030, 0
903, 0
4425, 0
5738, 0
1222, 0
2824, 0
1376, 0
4334, 0
626, 0
1390, 0
4917, 0
3679, 0
3274, 0
6272, 0
4966, 0
1560, 0
3778, 0
4025, 0
3453, 0
1795, 0
4577, 0
3018, 0
1987, 0
6346, 0
13, 0
2258, 0
1296, 0
3147, 0
2221, 0
1019, 0
2228, 0
2545, 0
2567, 0
6153, 0
1057, 0
2074, 0
4995, 0
4957, 0
2843, 0
611, 0
1029, 0
1082, 0
1878, 0
2103, 0
4664, 0
3090, 0
22, 0
170, 0
920, 0
2982, 0
1081, 0
2312, 0
4758, 0
3412, 0
1270, 0
3437, 0
939, 0
2125, 0
4012, 0
2788, 0
4431, 0
845, 0
3072, 0
2028, 0
756, 0
2914, 0
6127, 0
1534, 0
3427, 0
5909, 0
3529, 0
1153, 0
1612, 0
1898, 0
1300, 0
638, 0
2936, 0
1175, 0
3713, 0
6138, 0
851, 0
3545, 0
3070, 0
6144, 0
4738, 0
810, 0
2527, 0
6136, 0
2930, 0
682, 0
1045, 0
6126, 0
2769, 0
3259, 0
3255, 0
646, 0
1810, 0
3163, 0
1473, 0
172, 0
3508, 0
3146, 0
3227, 0
3236, 0
3346, 0
3443, 0
3467, 0
3468, 0
3511, 0
3784, 0
4632, 0
4635, 0
4642, 0
4667, 0
5490, 0
6246, 0
3218, 1
1304, 1
1276, 1
1103, 1
706, 1
3714, 1
2741, 1
3753, 1
2901, 1
1158, 1
1215, 1
3179, 1
3772, 1
3813, 1
1861, 1
3709, 1
3833, 1
7016, 1
1768, 1
4862, 1
1143, 1
2050, 1
1049, 1
1206, 1
1680, 1
1714, 1
3526, 1
5730, 1
3092, 1
4713, 1
2979, 1
4768, 1
2906, 1
1170, 1
3523, 1
3803, 1
1647, 1
3698, 1
2691, 1
3059, 1
5682, 1
2438, 1
3222, 1
2045, 1
1735, 1
1679, 1
1859, 1
1139, 1
1862, 1
2008, 1
5736, 1
637, 1
1826, 1
3512, 1
1486, 1
2003, 1
2838, 1
1160, 1
930, 1
1697, 1
1576, 1
3292, 1
1277, 1
2070, 1
3152, 1
1605, 1
1178, 1
3740, 1
3524, 1
4000, 1
677, 1
1471, 1
1798, 1
4470, 1
1016, 1
2890, 1
2232, 1
3671, 1
3662, 1
1801, 1
4418, 1
5459, 1
2948, 1
3744, 1
2820, 1
1311, 1
3925, 1
2211, 1
913, 1
1646, 1
712, 1
4846, 1
3715, 1
3249, 1
1252, 1
1113, 1
1118, 1
1303, 1
225, 1
3919, 1
3896, 1
2014, 1
5273, 1
787, 1
1833, 1
4925, 1
3743, 1
2132, 1
2578, 1
4569, 1
5499, 1
1876, 1
1690, 1
1220, 1
2098, 1
3402, 1
3832, 1
3755, 1
1851, 1
1112, 1
4486, 1
1897, 1
1273, 1
1745, 1
1703, 1
2001, 1
5332, 1
1766, 1
257, 1
3419, 1
1583, 1
4655, 1
1802, 1
678, 1
940, 1
1004, 1
1044, 1
1107, 1
1117, 1
1133, 1
1141, 1
1167, 1
1194, 1
1197, 1
1217, 1
1199, 1
1274, 1
1297, 1
1337, 1
1305, 1
1374, 1
1674, 1
1705, 1
1854, 1
1895, 1
1915, 1
2092, 1
1984, 1
2148, 1
2153, 1
2222, 1
2349, 1
2356, 1
2382, 1
2360, 1
2391, 1
2709, 1
2943, 1
2944, 1
3495, 1
3647, 1
4048, 1
4477, 1
4484, 1
5063, 1
5074, 1
5078, 1
5665, 1
6230, 1
3160, 1
2803, 1
56, 1
3991, 1
1172, 1
916, 1
1272, 1
2955, 1
2735, 1
3246, 1
2508, 1
786, 1
2326, 1
1581, 1
2219, 1
3220, 1
703, 1
3672, 1
5745, 1
4518, 1
5742, 1
17, 1
2720, 1
3115, 1
658, 1
3847, 1
812, 1
5073, 1
2765, 1
6267, 1
5760, 1
1208, 1
3547, 1
3540, 1
2005, 1
3207, 1
770, 1
3330, 1
2377, 1
4707, 1
5803, 1
2099, 1
944, 1
4124, 1
5540, 1
3525, 1
935, 1
3726, 1
1069, 1
3801, 1
5886, 1
5255, 1
5626, 1
3804, 1
5026, 1
860, 1
3788, 1
1185, 1
4645, 1
838, 1
1275, 1
3231, 1
1323, 1
6288, 1
1202, 1
1114, 1
2154, 1
3821, 1
5782, 1
3083, 1
1108, 1
3770, 1
758, 1
4706, 1
3291, 1
6364, 1
5778, 1
4019, 1
4499, 1
3677, 1
4911, 1
2, 1
4192, 1
5705, 1
895, 1
4241, 1
99, 1
2585, 1
1022, 1
1948, 1
2615, 1
1348, 1
856, 1
1267, 1
1758, 1
2220, 1
2156, 1
1855, 1
2135, 1
2751, 1
2068, 1
4397, 1
4475, 1
3668, 1
5249, 1
729, 1
1291, 1
910, 1
2187, 1
5920, 1
5075, 1
1499, 1
216, 1
3182, 1
3600, 1
3908, 1
6351, 1
3569, 1
5334, 1
1124, 1
1663, 1
3591, 1
953, 1
4621, 1
1439, 1
5117, 1
5656, 1
2706, 1
4677, 1
2885, 1
4234, 1
2972, 1
1733, 1
5604, 1
1204, 1
4390, 1
4524, 1
3186, 1
1268, 1
4435, 1
5329, 1
4426, 1
1755, 1
6350, 1
4172, 1
580, 1
545, 1
797, 1
1497, 1
1630, 1
1643, 1
2022, 1
1719, 1
3707, 1
4473, 1
4659, 1
6573, 1
808, 1
5799, 1
6349, 1
3814, 1
5084, 1
5212, 1
507, 1
1515, 1
126, 1
1381, 1
3628, 1
2283, 1
5654, 1
552, 1
3741, 1
1572, 1
1361, 1
3466, 1
933, 1
4483, 1
4485, 1
4753, 1
2778, 1
991, 1
2758, 1
4750, 1
6450, 1
5396, 1
2870, 1
3143, 1
1130, 1
5217, 1
168, 1
5869, 1
2381, 1
694, 1
2667, 1
614, 1
1386, 1
5744, 1
5061, 1
3861, 1
1325, 1
1979, 1
592, 1
6361, 1
3125, 1
771, 1
1239, 1
1087, 1
5821, 1
636, 1
1699, 1
80, 1
533, 1
3379, 1
4440, 1
3651, 1
1936, 1
2004, 1
2607, 1
4346, 1
550, 1
4980, 1
5493, 1
3129, 1
853, 1
97, 1
1492, 1
5688, 1
4021, 1
4130, 1
2251, 1
1762, 1
1408, 1
5713, 1
2144, 1
5122, 1
3852, 1
6174, 1
3061, 1
1964, 1
1860, 1
972, 1
5365, 1
5551, 1
143, 1
1437, 1
96, 1
1597, 1
549, 1
1054, 1
601, 1
1688, 1
6493, 1
5852, 1
6002, 1
748, 1
4335, 1
3918, 1
4063, 1
4981, 1
3114, 1
5634, 1
852, 1
3903, 1
1035, 1
721, 1
1483, 1
5176, 1
4814, 1
999, 1
6178, 1
686, 1
4047, 1
2032, 1
2342, 1
3095, 1
3981, 1
707, 1
949, 1
5975, 1
4091, 1
1807, 1
2420, 1
3206, 1
4942, 1
3762, 1
5820, 1
1817, 1
1519, 1
1734, 1
5895, 1
4581, 1
1317, 1
5762, 1
2236, 1
1518, 1
1542, 1
979, 1
2118, 1
3404, 1
3582, 1
254, 1
3124, 1
4774, 1
4214, 1
813, 1
5897, 1
1283, 1
2340, 1
5787, 1
3916, 1
4611, 1
1154, 1
4385, 1
4052, 1
93, 1
5849, 1
3248, 1
1742, 1
1055, 1
561, 1
1072, 1
1280, 1
1391, 1
1487, 1
1652, 1
1958, 1
1775, 1
1943, 1
1921, 1
1792, 1
1965, 1
2397, 1
2394, 1
3276, 1
3624, 1
2939, 1
3043, 1
3834, 1
4229, 1
4781, 1
4595, 1
4492, 1
5351, 1
5178, 1
5373, 1
5569, 1
5733, 1
5597, 1
2603, 1
5235, 1
2606, 1
3609, 1
3082, 1
4691, 1
2216, 1
5025, 1
1738, 1
5030, 1
1909, 1
415, 1
2734, 1
4526, 1
6085, 1
3625, 1
1673, 1
5913, 1
4916, 1
5781, 1
6567, 1
2986, 1
5079, 1
3570, 1
3214, 1
157, 1
733, 1
1241, 1
1469, 1
1713, 1
1088, 1
1299, 1
969, 1
5024, 1
4832, 1
1940, 1
5259, 1
4167, 1
1750, 1
5805, 1
3188, 1
6989, 1
43, 1
5506, 1
868, 1
516, 1
16, 1
421, 1
645, 1
719, 1
650, 1
538, 1
5685, 1
3703, 1
1968, 1
2699, 1
1580, 1
4317, 1
4388, 1
5064, 1
4764, 1
4020, 1
1257, 1
1293, 1
4494, 1
4736, 1
4699, 1
5674, 1
576, 1
54, 1
5347, 1
2183, 1
5548, 1
3963, 1
2828, 1
1741, 1
557, 1
740, 1
201, 1
3956, 1
2059, 1
5984, 1
1450, 1
4565, 1
5619, 1
681, 1
2347, 1
743, 1
3733, 1
4338, 1
2439, 1
2799, 1
1324, 1
1573, 1
2129, 1
3010, 1
4833, 1
5795, 1
5559, 1
3894, 1
452, 1
559, 1
4572, 1
951, 1
2401, 1
1230, 1
2396, 1
2889, 1
1814, 1
4480, 1
3280, 1
1787, 1
2599, 1
5019, 1
158, 1
3978, 1
5693, 1
737, 1
823, 1
1843, 1
3607, 1
3247, 1
4578, 1
2967, 1
2285, 1
2668, 1
4389, 1
3868, 1
1219, 1
2412, 1
1764, 1
1967, 1
3548, 1
3598, 1
5039, 1
5574, 1
5918, 1
827, 1
3848, 1
3962, 1
4148, 1
1336, 1
5645, 1
1436, 1
2348, 1
896, 1
2652, 1
94, 1
6204, 1
796, 1
164, 1
710, 1
3621, 1
1599, 1
4708, 1
1930, 1
5135, 1
3982, 1
5407, 1
5421, 1
2273, 1
5187, 1
542, 1
984, 1
139, 1
3815, 1
2317, 1
1696, 1
3538, 1
652, 1
4297, 1
181, 1
713, 1
3198, 1
2804, 1
1242, 1
5458, 1
5573, 1
2618, 1
4760, 1
5147, 1
2878, 1
1869, 1
2450, 1
3586, 1
684, 1
5825, 1
2877, 1
952, 1
738, 1
791, 1
3895, 1
5796, 1
5104, 1
1451, 1
4874, 1
228, 1
2911, 1
1582, 1
38, 1
1151, 1
1820, 1
1367, 1
4362, 1
581, 1
593, 1
4640, 1
730, 1
416, 1
267, 1
2815, 1
959, 1
5728, 1
954, 1
4643, 1
5880, 1
6367, 1
83, 1
3594, 1
128, 1
437, 1
1350, 1
5515, 1
3660, 1
5631, 1
5779, 1
4467, 1
5550, 1
5924, 1
7018, 1
3275, 1
4766, 1
5097, 1
3200, 1
6319, 1
532, 1
6841, 1
1000, 1
5378, 1
5339, 1
798, 1
5612, 1
6325, 1
985, 1
5834, 1
1339, 1
820, 1
540, 1
1053, 1
1115, 1
1310, 1
1430, 1
2683, 1
2291, 1
3800, 1
2714, 1
4101, 1
5296, 1
5853, 1
5577, 1
2990, 1
6110, 1
6577, 1
3433, 1
2643, 1
3779, 1
5177, 1
695, 1
5788, 1
5956, 1
5118, 1
140, 1
806, 1
5977, 1
39, 1
3025, 1
765, 1
1836, 1
5951, 1
5218, 1
3067, 1
3475, 1
303, 1
5477, 1
53, 1
5076, 1
1476, 1
892, 1
191, 1
530, 1
2816, 1
75, 1
3951, 1
760, 1
4609, 1
167, 1
5808, 1
1687, 1
6512, 1
822, 1
5712, 1
3126, 1
672, 1
4626, 1
6010, 1
897, 1
5749, 1
859, 1
3297, 1
5890, 1
2888, 1
4559, 1
4017, 1
133, 1
5046, 1
1375, 1
1551, 1
1013, 1
3795, 1
5314, 1
5603, 1
4532, 1
2140, 1
3544, 1
1278, 1
1294, 1
3614, 1
4849, 1
5846, 1
165, 1
5254, 1
190, 1
1181, 1
2732, 1
3051, 1
4650, 1
2368, 1
4554, 1
3773, 1
204, 1
2655, 1
5894, 1
5582, 1
4265, 1
3739, 1
6531, 1
3871, 1
3534, 1
6556, 1
4929, 1
1711, 1
5043, 1
5080, 1
6496, 1
435, 1
82, 1
715, 1
1255, 1
1922, 1
2584, 1
4258, 1
5845, 1
6546, 1
5547, 1
6217, 1
5689, 1
1998, 1
1393, 1
6312, 1
894, 1
1804, 1
4782, 1
4568, 1
5449, 1
1871, 1
6527, 1
2842, 1
4193, 1
971, 1
4527, 1
1514, 1
5417, 1
3612, 1
5301, 1
759, 1
6004, 1
6506, 1
1866, 1
5362, 1
2639, 1
5429, 1
1335, 1
3012, 1
3089, 1
308, 1
3384, 1
2306, 1
866, 1
1011, 1
520, 1
6503, 1
2243, 1
2941, 1
3285, 1
2988, 1
528, 1
5667, 1
2169, 1
6501, 1
3877, 1
741, 1
5874, 1
917, 1
722, 1
2159, 1
6468, 1
1064, 1
2900, 1
162, 1
9, 1
3667, 1
4083, 1
3993, 1
4442, 1
3039, 1
1135, 1
1398, 1
5740, 1
3810, 1
4553, 1
5910, 1
6011, 1
4337, 1
4387, 1
199, 1
4860, 1
6308, 1
5226, 1
4819, 1
398, 1
5651, 1
5865, 1
656, 1
8, 1
1042, 1
2052, 1
2801, 1
2853, 1
6542, 1
977, 1
6539, 1
5613, 1
2619, 1
3678, 1
2147, 1
988, 1
1937, 1
731, 1
5126, 1
1312, 1
876, 1
4567, 1
4217, 1
1388, 1
1338, 1
5276, 1
1247, 1
1504, 1
6540, 1
6243, 1
3116, 1
5163, 1
1474, 1
2670, 1
775, 1
708, 1
764, 1
4481, 1
6298, 1
6971, 1
5791, 1
3666, 1
5549, 1
6045, 1
6360, 1
79, 1
5883, 1
7006, 1
3024, 1
95, 1
2161, 1
1080, 1
6164, 1
3602, 1
569, 1
2184, 1
980, 1
5872, 1
2897, 1
848, 1
5672, 1
1799, 1
4044, 1
2334, 1
3264, 1
182, 1
5801, 1
3973, 1
4637, 1
4897, 1
4694, 1
3839, 1
1078, 1
185, 1
5541, 1
1216, 1
5267, 1
4474, 1
1708, 1
565, 1
123, 1
997, 1
1406, 1
295, 1
2358, 1
617, 1
4698, 1
3029, 1
4845, 1
5968, 1
1123, 1
6537, 1
6829, 1
4178, 1
5871, 1
654, 1
1071, 1
3710, 1
4793, 1
5486, 1
4681, 1
2031, 1
5085, 1
6125, 1
4261, 1
173, 1
2121, 1
1737, 1
6845, 1
1691, 1
138, 1
5089, 1
5289, 1
2224, 1
4308, 1
3799, 1
809, 1
735, 1
5086, 1
679, 1
232, 1
5994, 1
6227, 1
3904, 1
345, 1
2432, 1
207, 1
55, 1
5592, 1
992, 1
3826, 1
2404, 1
5248, 1
993, 1
6023, 1
2708, 1
2077, 1
1997, 1
2428, 1
2235, 1
2649, 1
2841, 1
4309, 1
2993, 1
5058, 1
6114, 1
5554, 1
5642, 1
4373, 1
2962, 1
6046, 1
5687, 1
3528, 1
1650, 1
4686, 1
3693, 1
1397, 1
6519, 1
5542, 1
4948, 1
6131, 1
5312, 1
1894, 1
5366, 1
4191, 1
3104, 1
1569, 1
2898, 1
1579, 1
85, 1
4223, 1
1811, 1
1683, 1
5637, 1
1415, 1
5538, 1
4859, 1
1789, 1
5616, 1
962, 1
4510, 1
529, 1
2893, 1
107, 1
6515, 1
2416, 1
5887, 1
153, 1
5286, 1
749, 1
3522, 1
4580, 1
4932, 1
1883, 1
2007, 1
5110, 1
4260, 1
3245, 1
1831, 1
2218, 1
2051, 1
4749, 1
2876, 1
3928, 1
5962, 1
2995, 1
4046, 1
4743, 1
644, 1
41, 1
524, 1
2813, 1
1179, 1
5153, 1
6295, 1
5580, 1
3937, 1
6535, 1
834, 1
6547, 1
667, 1
208, 1
837, 1
4190, 1
109, 1
349, 1
1340, 1
205, 1
998, 1
693, 1
1359, 1
2685, 1
2502, 1
2701, 1
4804, 1
5585, 1
5596, 1
5133, 1
2682, 1
4045, 1
1905, 1
5023, 1
177, 1
68, 1
3659, 1
104, 1
4128, 1
1454, 1
3250, 1
418, 1
6557, 1
7000, 1
7048, 1
2198, 1
4587, 1
6953, 1
3691, 1
2402, 1
5264, 1
5925, 1
203, 1
1032, 1
511, 1
4348, 1
503, 1
861, 1
1478, 1
2444, 1
1266, 1
2481, 1
1757, 1
5881, 1
5647, 1
5539, 1
6521, 1
1746, 1
955, 1
5439, 1
4280, 1
198, 1
1349, 1
4947, 1
5042, 1
3187, 1
6456, 1
4946, 1
5996, 1
6993, 1
1821, 1
3351, 1
594, 1
6507, 1
2775, 1
6379, 1
14, 1
2029, 1
6525, 1
2715, 1
762, 1
3595, 1
1834, 1
625, 1
4579, 1
1015, 1
5274, 1
5240, 1
4306, 1
5936, 1
3977, 1
937, 1
5567, 1
994, 1
1377, 1
4909, 1
6019, 1
1288, 1
5775, 1
1428, 1
1790, 1
5679, 1
444, 1
546, 1
832, 1
11, 1
3532, 1
1036, 1
36, 1
902, 1
4305, 1
1460, 1
6025, 1
3931, 1
236, 1
72, 1
154, 1
6269, 1
5428, 1
6935, 1
5191, 1
1357, 1
6382, 1
2275, 1
6875, 1
5823, 1
3855, 1
2073, 1
1404, 1
7012, 1
4364, 1
6914, 1
488, 1
3842, 1
76, 1
4987, 1
5947, 1
6340, 1
65, 1
799, 1
1218, 1
3549, 1
3704, 1
3992, 1
6210, 1
4035, 1
4765, 1
4310, 1
6057, 1
914, 1
5210, 1
45, 1
6982, 1
5786, 1
4562, 1
455, 1
785, 1
292, 1
4590, 1
2239, 1
5485, 1
568, 1
3626, 1
3151, 1
5635, 1
6334, 1
184, 1
5277, 1
4882, 1
5780, 1
4602, 1
224, 1
6572, 1
5379, 1
6522, 1
1001, 1
7053, 1
5666, 1
4898, 1
132, 1
2253, 1
2978, 1
1285, 1
2860, 1
6545, 1
781, 1
3933, 1
6332, 1
5966, 1
4038, 1
4506, 1
445, 1
5566, 1
800, 1
4415, 1
151, 1
4612, 1
3031, 1
1387, 1
728, 1
2000, 1
6372, 1
277, 1
6508, 1
5018, 1
1281, 1
5763, 1
3920, 1
1423, 1
5842, 1
226, 1
5243, 1
5864, 1
5985, 1
5209, 1
5229, 1
120, 1
3368, 1
1301, 1
1732, 1
2182, 1
5992, 1
264, 1
1502, 1
5884, 1
5646, 1
872, 1
572, 1
803, 1
5134, 1
2002, 1
431, 1
1238, 1
1778, 1
3551, 1
523, 1
4275, 1
1040, 1
1259, 1
2400, 1
2352, 1
6283, 1
6544, 1
121, 1
251, 1
2973, 1
4326, 1
1449, 1
5393, 1
90, 1
4756, 1
5098, 1
7008, 1
482, 1
5082, 1
3216, 1
4151, 1
5939, 1
1774, 1
6831, 1
3502, 1
442, 1
6013, 1
1442, 1
670, 1
5462, 1
272, 1
74, 1
1030, 1
1142, 1
3708, 1
5205, 1
6101, 1
5876, 1
6550, 1
6939, 1
5066, 1
5991, 1
4043, 1
5319, 1
5502, 1
6836, 1
6913, 1
148, 1
1466, 1
5630, 1
5544, 1
5420, 1
2894, 1
4522, 1
2200, 1
1847, 1
6869, 1
4243, 1
5426, 1
411, 1
180, 1
179, 1
7031, 1
4453, 1
176, 1
6992, 1
4204, 1
1005, 1
807, 1
1435, 1
589, 1
5555, 1
6366, 1
537, 1
525, 1
1945, 1
5476, 1
6034, 1
3543, 1
6062, 1
4298, 1
5537, 1
3560, 1
618, 1
5175, 1
4639, 1
5701, 1
3875, 1
950, 1
5125, 1
5180, 1
2217, 1
5804, 1
1419, 1
5870, 1
5093, 1
4523, 1
4812, 1
4619, 1
6505, 1
465, 1
378, 1
4003, 1
5385, 1
6977, 1
260, 1
6314, 1
5595, 1
5584, 1
5960, 1
6051, 1
67, 1
5020, 1
6847, 1
2620, 1
5341, 1
5990, 1
5305, 1
5902, 1
4646, 1
1231, 1
5304, 1
2605, 1
5673, 1
6180, 1
6078, 1
746, 1
5233, 1
5284, 1
1018, 1
5383, 1
5258, 1
269, 1
6299, 1
2241, 1
456, 1
2500, 1
5455, 1
570, 1
2991, 1
1625, 1
5311, 1
78, 1
2800, 1
5231, 1
3721, 1
69, 1
754, 1
4447, 1
1723, 1
5581, 1
242, 1
788, 1
5923, 1
2830, 1
5617, 1
1427, 1
5931, 1
3080, 1
6541, 1
5324, 1
782, 1
1472, 1
6514, 1
3960, 1
1856, 1
5487, 1
7020, 1
6306, 1
6844, 1
5253, 1
6938, 1
680, 1
3640, 1
6099, 1
350, 1
6558, 1
899, 1
275, 1
440, 1
6274, 1
3519, 1
111, 1
1145, 1
4222, 1
5150, 1
3603, 1
1109, 1
5719, 1
5333, 1
1362, 1
5623, 1
46, 1
5298, 1
332, 1
6335, 1
5562, 1
4014, 1
217, 1
6852, 1
6096, 1
124, 1
6559, 1
1169, 1
769, 1
6082, 1
428, 1
2238, 1
5757, 1
1168, 1
6048, 1
1100, 1
5050, 1
5885, 1
62, 1
6058, 1
5711, 1
253, 1
233, 1
543, 1
661, 1
6087, 1
6083, 1
4420, 1
362, 1
4960, 1
975, 1
1931, 1
5944, 1
6850, 1
5, 1
4248, 1
1396, 1
1400, 1
3008, 1
2201, 1
5441, 1
2311, 1
4004, 1
5675, 1
6923, 1
685, 1
6251, 1
6179, 1
4662, 1
6097, 1
5422, 1
5633, 1
6311, 1
105, 1
1075, 1
6903, 1
6216, 1
1623, 1
5758, 1
135, 1
371, 1
5123, 1
5545, 1
193, 1
5348, 1
410, 1
5961, 1
108, 1
2242, 1
6471, 1
5152, 1
5600, 1
752, 1
6122, 1
357, 1
40, 1
6928, 1
271, 1
279, 1
6733, 1
6937, 1
560, 1
6513, 1
742, 1
1306, 1
1765, 1
344, 1
3985, 1
335, 1
6081, 1
1637, 1
5722, 1
4648, 1
221, 1
689, 1
6924, 1
5207, 1
6823, 1
4180, 1
5440, 1
26, 1
1438, 1
238, 1
5357, 1
4282, 1
3797, 1
779, 1
136, 1
3520, 1
5112, 1
92, 1
5230, 1
6946, 1
399, 1
1772, 1
25, 1
5625, 1
1485, 1
6821, 1
4378, 1
3718, 1
2271, 1
3606, 1
5927, 1
449, 1
7052, 1
5096, 1
6927, 1
5172, 1
261, 1
744, 1
1896, 1
115, 1
6320, 1
5482, 1
5199, 1
2158, 1
986, 1
414, 1
5236, 1
567, 1
4644, 1
865, 1
478, 1
5553, 1
6287, 1
573, 1
6017, 1
3967, 1
5564, 1
6022, 1
64, 1
5622, 1
5342, 1
5943, 1
256, 1
266, 1
6477, 1
3224, 1
4050, 1
6033, 1
5423, 1
393, 1
898, 1
5725, 1
4240, 1
891, 1
258, 1
6345, 1
6919, 1
5151, 1
5183, 1
3011, 1
2294, 1
1725, 1
6954, 1
2263, 1
5753, 1
3270, 1
6362, 1
1183, 1
3752, 1
3641, 1
5105, 1
119, 1
6575, 1
5224, 1
6221, 1
5090, 1
6005, 1
5278, 1
1125, 1
622, 1
1379, 1
514, 1
632, 1
409, 1
3730, 1
1368, 1
4628, 1
329, 1
122, 1
961, 1
577, 1
4498, 1
4200, 1
2335, 1
755, 1
5726, 1
5851, 1
2933, 1
970, 1
5982, 1
206, 1
439, 1
6941, 1
3897, 1
4806, 1
664, 1
6524, 1
113, 1
7046, 1
91, 1
6257, 1
5942, 1
3990, 1
4843, 1
2166, 1
700, 1
231, 1
4500, 1
6061, 1
5638, 1
1839, 1
6252, 1
3530, 1
966, 1
5765, 1
801, 1
6326, 1
2134, 1
5132, 1
37, 1
4154, 1
389, 1
6256, 1
544, 1
5761, 1
52, 1
6279, 1
1445, 1
391, 1
5412, 1
3568, 1
7032, 1
6224, 1
339, 1
5344, 1
4687, 1
247, 1
6357, 1
3172, 1
7039, 1
5892, 1
5501, 1
5308, 1
6211, 1
370, 1
2313, 1
6473, 1
400, 1
574, 1
5686, 1
794, 1
1888, 1
5044, 1
5404, 1
3593, 1
5774, 1
6249, 1
4907, 1
3079, 1
4550, 1
5154, 1
6297, 1
1191, 1
5557, 1
5356, 1
3798, 1
1923, 1
1952, 1
6281, 1
87, 1
285, 1
4582, 1
101, 1
6260, 1
4534, 1
2940, 1
359, 1
438, 1
6370, 1
3869, 1
6293, 1
1788, 1
909, 1
5168, 1
6940, 1
446, 1
6278, 1
6377, 1
5171, 1
6014, 1
6548, 1
3077, 1
159, 1
4367, 1
5964, 1
432, 1
3996, 1
6208, 1
774, 1
103, 1
2974, 1
316, 1
401, 1
49, 1
3555, 1
7009, 1
4489, 1
6460, 1
5837, 1
98, 1
4605, 1
5632, 1
5174, 1
5527, 1
1370, 1
7007, 1
2212, 1
6374, 1
5759, 1
6465, 1
5142, 1
6518, 1
188, 1
6016, 1
3857, 1
4069, 1
6212, 1
641, 1
4825, 1
287, 1
4584, 1
460, 1
3673, 1
697, 1
89, 1
5698, 1
789, 1
239, 1
4525, 1
6916, 1
6273, 1
6, 1
0, 1
23, 1
10, 1
32, 1
34, 1
44, 1
42, 1
48, 1
51, 1
58, 1
50, 1
47, 1
59, 1
61, 1
63, 1
60, 1
71, 1
73, 1
77, 1
81, 1
100, 1
102, 1
84, 1
70, 1
86, 1
110, 1
114, 1
112, 1
117, 1
116, 1
118, 1
125, 1
127, 1
129, 1
130, 1
134, 1
147, 1
142, 1
156, 1
160, 1
183, 1
174, 1
186, 1
210, 1
212, 1
194, 1
196, 1
213, 1
214, 1
218, 1
219, 1
222, 1
223, 1
220, 1
227, 1
230, 1
229, 1
234, 1
235, 1
243, 1
244, 1
246, 1
241, 1
252, 1
250, 1
248, 1
255, 1
259, 1
263, 1
265, 1
274, 1
276, 1
273, 1
278, 1
280, 1
281, 1
283, 1
286, 1
288, 1
290, 1
293, 1
294, 1
291, 1
296, 1
298, 1
297, 1
299, 1
300, 1
301, 1
302, 1
304, 1
305, 1
306, 1
309, 1
307, 1
310, 1
312, 1
311, 1
314, 1
315, 1
317, 1
319, 1
320, 1
318, 1
322, 1
321, 1
324, 1
323, 1
326, 1
328, 1
327, 1
330, 1
334, 1
333, 1
336, 1
337, 1
338, 1
340, 1
341, 1
342, 1
346, 1
347, 1
351, 1
348, 1
352, 1
353, 1
356, 1
354, 1
355, 1
358, 1
361, 1
360, 1
364, 1
363, 1
367, 1
366, 1
368, 1
365, 1
369, 1
372, 1
373, 1
374, 1
375, 1
377, 1
379, 1
376, 1
380, 1
384, 1
383, 1
386, 1
385, 1
387, 1
382, 1
388, 1
390, 1
392, 1
394, 1
395, 1
381, 1
396, 1
397, 1
402, 1
403, 1
404, 1
405, 1
406, 1
407, 1
408, 1
412, 1
413, 1
417, 1
419, 1
420, 1
422, 1
423, 1
424, 1
425, 1
426, 1
427, 1
429, 1
430, 1
433, 1
434, 1
441, 1
436, 1
450, 1
457, 1
453, 1
454, 1
458, 1
459, 1
462, 1
464, 1
466, 1
467, 1
463, 1
461, 1
468, 1
469, 1
473, 1
471, 1
472, 1
474, 1
475, 1
476, 1
477, 1
479, 1
480, 1
481, 1
483, 1
484, 1
485, 1
487, 1
486, 1
489, 1
490, 1
492, 1
491, 1
493, 1
494, 1
496, 1
495, 1
498, 1
499, 1
500, 1
502, 1
501, 1
509, 1
512, 1
515, 1
519, 1
513, 1
527, 1
517, 1
531, 1
535, 1
536, 1
555, 1
551, 1
554, 1
566, 1
556, 1
578, 1
571, 1
553, 1
579, 1
558, 1
584, 1
583, 1
586, 1
587, 1
595, 1
591, 1
596, 1
597, 1
585, 1
599, 1
602, 1
603, 1
610, 1
608, 1
613, 1
627, 1
633, 1
634, 1
639, 1
651, 1
663, 1
665, 1
666, 1
675, 1
674, 1
676, 1
615, 1
687, 1
673, 1
668, 1
688, 1
691, 1
698, 1
696, 1
699, 1
690, 1
702, 1
711, 1
705, 1
717, 1
724, 1
732, 1
726, 1
747, 1
751, 1
753, 1
761, 1
739, 1
773, 1
763, 1
776, 1
784, 1
777, 1
792, 1
884, 1
893, 1
928, 1
929, 1
956, 1
957, 1
973, 1
1002, 1
960, 1
987, 1
996, 1
1003, 1
1006, 1
590, 1
1009, 1
1008, 1
1014, 1
1010, 1
1023, 1
1017, 1
1031, 1
1024, 1
1041, 1
1050, 1
1066, 1
1079, 1
1086, 1
1089, 1
1096, 1
1094, 1
1111, 1
1121, 1
1120, 1
1126, 1
1122, 1
1127, 1
1138, 1
1176, 1
1148, 1
1129, 1
1150, 1
1177, 1
1187, 1
1232, 1
1155, 1
1180, 1
1233, 1
1243, 1
1248, 1
1244, 1
1251, 1
1258, 1
1279, 1
1249, 1
1271, 1
1256, 1
1307, 1
1302, 1
1286, 1
1318, 1
1319, 1
1313, 1
1321, 1
1328, 1
1253, 1
1333, 1
1331, 1
1315, 1
1334, 1
1341, 1
1342, 1
1343, 1
1345, 1
1351, 1
1346, 1
1347, 1
1354, 1
1353, 1
1352, 1
1355, 1
1358, 1
1360, 1
1363, 1
1380, 1
1392, 1
1364, 1
1371, 1
1389, 1
1399, 1
1402, 1
1405, 1
1409, 1
1401, 1
1394, 1
1410, 1
1414, 1
1424, 1
1429, 1
1441, 1
1443, 1
1433, 1
1457, 1
1462, 1
1481, 1
1484, 1
1489, 1
1493, 1
1494, 1
1491, 1
1495, 1
1501, 1
1503, 1
1506, 1
1505, 1
1507, 1
1516, 1
1508, 1
1511, 1
1520, 1
1522, 1
1523, 1
1528, 1
1540, 1
1550, 1
1564, 1
1586, 1
1568, 1
1587, 1
1606, 1
1610, 1
1613, 1
1589, 1
1632, 1
1633, 1
1629, 1
1634, 1
1641, 1
1657, 1
1684, 1
1645, 1
1672, 1
1667, 1
1695, 1
1651, 1
1698, 1
1685, 1
1702, 1
1726, 1
1707, 1
1729, 1
1739, 1
1748, 1
1779, 1
1753, 1
1770, 1
1780, 1
1783, 1
1822, 1
1841, 1
1825, 1
1832, 1
1848, 1
1849, 1
1850, 1
1867, 1
1873, 1
1914, 1
1874, 1
1916, 1
1889, 1
1947, 1
1925, 1
1961, 1
1981, 1
1980, 1
1986, 1
1988, 1
1999, 1
1991, 1
2041, 1
2006, 1
2114, 1
2117, 1
1966, 1
2093, 1
2124, 1
2131, 1
2160, 1
1935, 1
2141, 1
2146, 1
2202, 1
2168, 1
2226, 1
2165, 1
2288, 1
2233, 1
2260, 1
2189, 1
2276, 1
2257, 1
2289, 1
2290, 1
2297, 1
2298, 1
2316, 1
2333, 1
2310, 1
2230, 1
2364, 1
2351, 1
2395, 1
2365, 1
2417, 1
2442, 1
2443, 1
2449, 1
2451, 1
2452, 1
2458, 1
2473, 1
2471, 1
2487, 1
2506, 1
2504, 1
2501, 1
2510, 1
2587, 1
2621, 1
2616, 1
2625, 1
2629, 1
2617, 1
2648, 1
2650, 1
2656, 1
2679, 1
2658, 1
2657, 1
2690, 1
2698, 1
2684, 1
2713, 1
2717, 1
2724, 1
2725, 1
2726, 1
2654, 1
2736, 1
2728, 1
2737, 1
2747, 1
2744, 1
2755, 1
2794, 1
2774, 1
2837, 1
2829, 1
2861, 1
2867, 1
2881, 1
2887, 1
2905, 1
2954, 1
2957, 1
2961, 1
2966, 1
2999, 1
3001, 1
3002, 1
3004, 1
3003, 1
3023, 1
3033, 1
3073, 1
3097, 1
3120, 1
3107, 1
3100, 1
3142, 1
3133, 1
2871, 1
3156, 1
3167, 1
3173, 1
3201, 1
3213, 1
3233, 1
3262, 1
3331, 1
3314, 1
3256, 1
3459, 1
3476, 1
3536, 1
3541, 1
3542, 1
3550, 1
3561, 1
3564, 1
3557, 1
3565, 1
3567, 1
3566, 1
3558, 1
3571, 1
3562, 1
3572, 1
3573, 1
3575, 1
3576, 1
3578, 1
3585, 1
3577, 1
3587, 1
3597, 1
3596, 1
3592, 1
3599, 1
3604, 1
3608, 1
3601, 1
3617, 1
3613, 1
3618, 1
3622, 1
3619, 1
3623, 1
3627, 1
3633, 1
3638, 1
3639, 1
3643, 1
3632, 1
3636, 1
3631, 1
3645, 1
3648, 1
3652, 1
3649, 1
3654, 1
3664, 1
3669, 1
3670, 1
3661, 1
3655, 1
3676, 1
3680, 1
3682, 1
3681, 1
3683, 1
3686, 1
3692, 1
3684, 1
3685, 1
3694, 1
3699, 1
3695, 1
3701, 1
3702, 1
3719, 1
3712, 1
3734, 1
3736, 1
3746, 1
3747, 1
3766, 1
3767, 1
3781, 1
3802, 1
3807, 1
3805, 1
3808, 1
3809, 1
3811, 1
3820, 1
3812, 1
3822, 1
3828, 1
3825, 1
3829, 1
3835, 1
3849, 1
3858, 1
3850, 1
3862, 1
3851, 1
3863, 1
3865, 1
3880, 1
3881, 1
3867, 1
3872, 1
3879, 1
3893, 1
3907, 1
3909, 1
3911, 1
3914, 1
3930, 1
3934, 1
3946, 1
3950, 1
3954, 1
3983, 1
3988, 1
4006, 1
4009, 1
4010, 1
4015, 1
4013, 1
4011, 1
4033, 1
4034, 1
4041, 1
4053, 1
4054, 1
4055, 1
4057, 1
4056, 1
4058, 1
4071, 1
4066, 1
4062, 1
4067, 1
4073, 1
4076, 1
4077, 1
4082, 1
4072, 1
4084, 1
4085, 1
4089, 1
4088, 1
4090, 1
4092, 1
4095, 1
4096, 1
4105, 1
4098, 1
4104, 1
4106, 1
4108, 1
4109, 1
4111, 1
4112, 1
4115, 1
4114, 1
4113, 1
4117, 1
4119, 1
4123, 1
4126, 1
4125, 1
4132, 1
4127, 1
4118, 1
4129, 1
4133, 1
4134, 1
4135, 1
4140, 1
4141, 1
4142, 1
4143, 1
4144, 1
4146, 1
4147, 1
4150, 1
4153, 1
4155, 1
4159, 1
4160, 1
4162, 1
4166, 1
4170, 1
4163, 1
4164, 1
4175, 1
4171, 1
4174, 1
4176, 1
4179, 1
4181, 1
4182, 1
4183, 1
4185, 1
4194, 1
4186, 1
4189, 1
4202, 1
4198, 1
4203, 1
4205, 1
4201, 1
4208, 1
4210, 1
4197, 1
4207, 1
4211, 1
4225, 1
4220, 1
4215, 1
4226, 1
4227, 1
4237, 1
4233, 1
4242, 1
4244, 1
4239, 1
4250, 1
4251, 1
4256, 1
4255, 1
4232, 1
4253, 1
4252, 1
4259, 1
4263, 1
4269, 1
4266, 1
4267, 1
4270, 1
4264, 1
4272, 1
4245, 1
4276, 1
4273, 1
4277, 1
4278, 1
4274, 1
4279, 1
4283, 1
4199, 1
4285, 1
4287, 1
4288, 1
4284, 1
4292, 1
4303, 1
4307, 1
4312, 1
4311, 1
4314, 1
4320, 1
4318, 1
4321, 1
4324, 1
4327, 1
4343, 1
4336, 1
4345, 1
4349, 1
4293, 1
4329, 1
4351, 1
4360, 1
4369, 1
4374, 1
4370, 1
4379, 1
4371, 1
4391, 1
4382, 1
4393, 1
4394, 1
4395, 1
4400, 1
4396, 1
4404, 1
4409, 1
4411, 1
4412, 1
4407, 1
4416, 1
4414, 1
4417, 1
4428, 1
4423, 1
4433, 1
4437, 1
4422, 1
4438, 1
4432, 1
4341, 1
4443, 1
4439, 1
4446, 1
4455, 1
4460, 1
4471, 1
4476, 1
4479, 1
4478, 1
4482, 1
4490, 1
4488, 1
4487, 1
4491, 1
4496, 1
4497, 1
4495, 1
4493, 1
4501, 1
4502, 1
4503, 1
4507, 1
4509, 1
4505, 1
4511, 1
4512, 1
4513, 1
4514, 1
4515, 1
4516, 1
4517, 1
4530, 1
4529, 1
4531, 1
4533, 1
4535, 1
4536, 1
4538, 1
4539, 1
4540, 1
4542, 1
4543, 1
4547, 1
4544, 1
4549, 1
4548, 1
4555, 1
4556, 1
4552, 1
4557, 1
4561, 1
4560, 1
4570, 1
4564, 1
4573, 1
4563, 1
4574, 1
4575, 1
4566, 1
4586, 1
4589, 1
4593, 1
4592, 1
4594, 1
4571, 1
4591, 1
4598, 1
4600, 1
4601, 1
4603, 1
4606, 1
4604, 1
4607, 1
4613, 1
4614, 1
4616, 1
4617, 1
4618, 1
4615, 1
4622, 1
4620, 1
4627, 1
4630, 1
4631, 1
4633, 1
4636, 1
4641, 1
4649, 1
4651, 1
4653, 1
4654, 1
4665, 1
4656, 1
4658, 1
4663, 1
4660, 1
4675, 1
4668, 1
4680, 1
4685, 1
4684, 1
4688, 1
4689, 1
4690, 1
4692, 1
4696, 1
4703, 1
4705, 1
4709, 1
4715, 1
4718, 1
4716, 1
4719, 1
4721, 1
4722, 1
4720, 1
4728, 1
4723, 1
4724, 1
4726, 1
4727, 1
4733, 1
4729, 1
4735, 1
4732, 1
4737, 1
4754, 1
4759, 1
4747, 1
4752, 1
4767, 1
4763, 1
4770, 1
4773, 1
4772, 1
4775, 1
4776, 1
4779, 1
4780, 1
4787, 1
4786, 1
4785, 1
4788, 1
4789, 1
4790, 1
4794, 1
4796, 1
4795, 1
4798, 1
4799, 1
4801, 1
4803, 1
4805, 1
4807, 1
4802, 1
4809, 1
4815, 1
4818, 1
4810, 1
4820, 1
4813, 1
4821, 1
4823, 1
4824, 1
4822, 1
4826, 1
4837, 1
4836, 1
4839, 1
4840, 1
4844, 1
4847, 1
4842, 1
4850, 1
4851, 1
4854, 1
4853, 1
4858, 1
4855, 1
4863, 1
4865, 1
4866, 1
4867, 1
4868, 1
4871, 1
4872, 1
4873, 1
4880, 1
4875, 1
4881, 1
4883, 1
4884, 1
4891, 1
4886, 1
4892, 1
4893, 1
4894, 1
4902, 1
4901, 1
4900, 1
4878, 1
4904, 1
4905, 1
4903, 1
4910, 1
4908, 1
4915, 1
4913, 1
4919, 1
4926, 1
4912, 1
4921, 1
4927, 1
4933, 1
4934, 1
4935, 1
4940, 1
4941, 1
4945, 1
4937, 1
4954, 1
4955, 1
4956, 1
4962, 1
4959, 1
4964, 1
4970, 1
4968, 1
4972, 1
4973, 1
4975, 1
4976, 1
4977, 1
4979, 1
4982, 1
4967, 1
4983, 1
4988, 1
4985, 1
4984, 1
4986, 1
4989, 1
4991, 1
4990, 1
4992, 1
4993, 1
4996, 1
4999, 1
4997, 1
4896, 1
4998, 1
5000, 1
4994, 1
5001, 1
5002, 1
5003, 1
5004, 1
5005, 1
5007, 1
5006, 1
5011, 1
5009, 1
5012, 1
5010, 1
5013, 1
5014, 1
5015, 1
5016, 1
5017, 1
5021, 1
5029, 1
5033, 1
5034, 1
5036, 1
5037, 1
5028, 1
5048, 1
5047, 1
5041, 1
5049, 1
5040, 1
5051, 1
5038, 1
5052, 1
5053, 1
5054, 1
5055, 1
5056, 1
5059, 1
5065, 1
5062, 1
5069, 1
5057, 1
5068, 1
5081, 1
5087, 1
5092, 1
5083, 1
5094, 1
5095, 1
5101, 1
5108, 1
5103, 1
5102, 1
5113, 1
5115, 1
5114, 1
5124, 1
5127, 1
5128, 1
5130, 1
5137, 1
5136, 1
5139, 1
5131, 1
5140, 1
5144, 1
5143, 1
5146, 1
5148, 1
5149, 1
5156, 1
5155, 1
5157, 1
5159, 1
5160, 1
5158, 1
5161, 1
5162, 1
5164, 1
5165, 1
5166, 1
5167, 1
5169, 1
5170, 1
5173, 1
5179, 1
5182, 1
5181, 1
5185, 1
5184, 1
5186, 1
5188, 1
5189, 1
5190, 1
5194, 1
5193, 1
5192, 1
5198, 1
5200, 1
5195, 1
5196, 1
5202, 1
5203, 1
5206, 1
5197, 1
5213, 1
5208, 1
5214, 1
5211, 1
5215, 1
5216, 1
5219, 1
5221, 1
5222, 1
5223, 1
5225, 1
5228, 1
5237, 1
5242, 1
5244, 1
5246, 1
5238, 1
5250, 1
5251, 1
5252, 1
5257, 1
5263, 1
5261, 1
5266, 1
5268, 1
5265, 1
5269, 1
5270, 1
5271, 1
5272, 1
5280, 1
5281, 1
5279, 1
5283, 1
5275, 1
5282, 1
5285, 1
5288, 1
5292, 1
5287, 1
5293, 1
5291, 1
5294, 1
5295, 1
5297, 1
5303, 1
5306, 1
5302, 1
5315, 1
5317, 1
5318, 1
5300, 1
5316, 1
5321, 1
5322, 1
5326, 1
5323, 1
5320, 1
5330, 1
5325, 1
5328, 1
5327, 1
5335, 1
5331, 1
5337, 1
5336, 1
5340, 1
5338, 1
5343, 1
5345, 1
5350, 1
5349, 1
5352, 1
5353, 1
5355, 1
5358, 1
5354, 1
5359, 1
5360, 1
5361, 1
5363, 1
5364, 1
5367, 1
5368, 1
5369, 1
5370, 1
5371, 1
5372, 1
5374, 1
5375, 1
5376, 1
5377, 1
5380, 1
5381, 1
5382, 1
5384, 1
5387, 1
5386, 1
5388, 1
5389, 1
5390, 1
5391, 1
5395, 1
5392, 1
5397, 1
5398, 1
5402, 1
5401, 1
5405, 1
5406, 1
5409, 1
5403, 1
5408, 1
5410, 1
5399, 1
5414, 1
5411, 1
5415, 1
5416, 1
5419, 1
5418, 1
5424, 1
5425, 1
5431, 1
5432, 1
5433, 1
5434, 1
5437, 1
5436, 1
5442, 1
5438, 1
5444, 1
5447, 1
5446, 1
5450, 1
5448, 1
5451, 1
5453, 1
5456, 1
5457, 1
5454, 1
5452, 1
5463, 1
5460, 1
5465, 1
5464, 1
5467, 1
5466, 1
5469, 1
5471, 1
5473, 1
5468, 1
5472, 1
5474, 1
5478, 1
5470, 1
5480, 1
5481, 1
5483, 1
5479, 1
5484, 1
5475, 1
5488, 1
5492, 1
5489, 1
5498, 1
5496, 1
5497, 1
5494, 1
5503, 1
5505, 1
5508, 1
5500, 1
5507, 1
5509, 1
5504, 1
5510, 1
5511, 1
5512, 1
5513, 1
5514, 1
5516, 1
5517, 1
5518, 1
5519, 1
5520, 1
5521, 1
5522, 1
5523, 1
5524, 1
5525, 1
5526, 1
5528, 1
5534, 1
5531, 1
5535, 1
5543, 1
5536, 1
5552, 1
5556, 1
5558, 1
5563, 1
5560, 1
5565, 1
5575, 1
5578, 1
5576, 1
5579, 1
5570, 1
5583, 1
5586, 1
5588, 1
5591, 1
5599, 1
5598, 1
5609, 1
5606, 1
5608, 1
5610, 1
5611, 1
5614, 1
5618, 1
5621, 1
5615, 1
5627, 1
5620, 1
5629, 1
5636, 1
5628, 1
5641, 1
5639, 1
5644, 1
5648, 1
5649, 1
5650, 1
5652, 1
5653, 1
5657, 1
5655, 1
5658, 1
5659, 1
5660, 1
5663, 1
5664, 1
5668, 1
5680, 1
5670, 1
5681, 1
5671, 1
5683, 1
5684, 1
5692, 1
5696, 1
5695, 1
5697, 1
5702, 1
5700, 1
5703, 1
5704, 1
5706, 1
5716, 1
5708, 1
5714, 1
5710, 1
5715, 1
5723, 1
5729, 1
5737, 1
5731, 1
5739, 1
5754, 1
5751, 1
5734, 1
5764, 1
5773, 1
5777, 1
5785, 1
5792, 1
5793, 1
5794, 1
5797, 1
5798, 1
5806, 1
5802, 1
5813, 1
5811, 1
5816, 1
5814, 1
5815, 1
5818, 1
5824, 1
5827, 1
5819, 1
5835, 1
5840, 1
5839, 1
5836, 1
5843, 1
5844, 1
5848, 1
5854, 1
5855, 1
5859, 1
5860, 1
5857, 1
5862, 1
5863, 1
5873, 1
5866, 1
5877, 1
5878, 1
5900, 1
5904, 1
5898, 1
5905, 1
5912, 1
5907, 1
5914, 1
5915, 1
5917, 1
5922, 1
5928, 1
5929, 1
5933, 1
5935, 1
5940, 1
5938, 1
5937, 1
5941, 1
5950, 1
5952, 1
5948, 1
5954, 1
5953, 1
5945, 1
5957, 1
5959, 1
5958, 1
5963, 1
5967, 1
5969, 1
5973, 1
5974, 1
5978, 1
5976, 1
5980, 1
5979, 1
5983, 1
5981, 1
5986, 1
5993, 1
5987, 1
5998, 1
6000, 1
5995, 1
5999, 1
6003, 1
6006, 1
6001, 1
6027, 1
6028, 1
6026, 1
6029, 1
6030, 1
6031, 1
6032, 1
6035, 1
6007, 1
6038, 1
6036, 1
6037, 1
6012, 1
6039, 1
6040, 1
6043, 1
6042, 1
6044, 1
6041, 1
6047, 1
6049, 1
6050, 1
6052, 1
6053, 1
6055, 1
6054, 1
6059, 1
6056, 1
6060, 1
6063, 1
6064, 1
6065, 1
6066, 1
6067, 1
6070, 1
6068, 1
6069, 1
6071, 1
6072, 1
6074, 1
6073, 1
6075, 1
6079, 1
6080, 1
6076, 1
6077, 1
6089, 1
6086, 1
6090, 1
6092, 1
6093, 1
6094, 1
6100, 1
6102, 1
6098, 1
6091, 1
6107, 1
6105, 1
6103, 1
6095, 1
6109, 1
6116, 1
6118, 1
6121, 1
6149, 1
6145, 1
6154, 1
6155, 1
6166, 1
6162, 1
6170, 1
6168, 1
6176, 1
6182, 1
6181, 1
6184, 1
6183, 1
6185, 1
6175, 1
6187, 1
6189, 1
6188, 1
6190, 1
6186, 1
6192, 1
6193, 1
6191, 1
6194, 1
6196, 1
6197, 1
6199, 1
6195, 1
6202, 1
6198, 1
6201, 1
6203, 1
6207, 1
6206, 1
6213, 1
6209, 1
6214, 1
6215, 1
6218, 1
6219, 1
6222, 1
6223, 1
6226, 1
6225, 1
6200, 1
6228, 1
6231, 1
6229, 1
6233, 1
6232, 1
6235, 1
6239, 1
6237, 1
6241, 1
6240, 1
6234, 1
6242, 1
6244, 1
6248, 1
6247, 1
6253, 1
6250, 1
6255, 1
6262, 1
6263, 1
6264, 1
6268, 1
6265, 1
6271, 1
6275, 1
6277, 1
6276, 1
6284, 1
6282, 1
6290, 1
6285, 1
6294, 1
6286, 1
6292, 1
6300, 1
6302, 1
6301, 1
6303, 1
6291, 1
6289, 1
6309, 1
6307, 1
6310, 1
6313, 1
6318, 1
6321, 1
6322, 1
6327, 1
6329, 1
6330, 1
6333, 1
6337, 1
6336, 1
6338, 1
6341, 1
6343, 1
6304, 1
6339, 1
6347, 1
6348, 1
6352, 1
6353, 1
6354, 1
6355, 1
6358, 1
6363, 1
6368, 1
6369, 1
6371, 1
6373, 1
6380, 1
6378, 1
6381, 1
6383, 1
6375, 1
6386, 1
6387, 1
6388, 1
6389, 1
6384, 1
6390, 1
6331, 1
6391, 1
6393, 1
6396, 1
6397, 1
6399, 1
6394, 1
6392, 1
6400, 1
6395, 1
6401, 1
6402, 1
6403, 1
6405, 1
6409, 1
6408, 1
6410, 1
6406, 1
6404, 1
6411, 1
6412, 1
6413, 1
6414, 1
6415, 1
6416, 1
6398, 1
6407, 1
6418, 1
6419, 1
6417, 1
6421, 1
6420, 1
6422, 1
6424, 1
6425, 1
6427, 1
6426, 1
6423, 1
6428, 1
6430, 1
6429, 1
6431, 1
6432, 1
6433, 1
6436, 1
6434, 1
6435, 1
6437, 1
6438, 1
6439, 1
6440, 1
6441, 1
6442, 1
6443, 1
6444, 1
6446, 1
6447, 1
6448, 1
6449, 1
6451, 1
6452, 1
6453, 1
6455, 1
6457, 1
6458, 1
6459, 1
6461, 1
6462, 1
6463, 1
6464, 1
6466, 1
6469, 1
6467, 1
6470, 1
6472, 1
6475, 1
6474, 1
6476, 1
6478, 1
6479, 1
6480, 1
6483, 1
6485, 1
6481, 1
6484, 1
6486, 1
6487, 1
6488, 1
6490, 1
6491, 1
6492, 1
6494, 1
6495, 1
6497, 1
6498, 1
6502, 1
6499, 1
6509, 1
6510, 1
6504, 1
6511, 1
6517, 1
6516, 1
6520, 1
6529, 1
6526, 1
6534, 1
6533, 1
6523, 1
6543, 1
6538, 1
6549, 1
6553, 1
6536, 1
6554, 1
6555, 1
6551, 1
6560, 1
6561, 1
6562, 1
6563, 1
6564, 1
6565, 1
6568, 1
6566, 1
6569, 1
6570, 1
6571, 1
6574, 1
6576, 1
6578, 1
6580, 1
6579, 1
6581, 1
6583, 1
6582, 1
6584, 1
6585, 1
6587, 1
6586, 1
6588, 1
6589, 1
6590, 1
6591, 1
6592, 1
6594, 1
6593, 1
6595, 1
6596, 1
6597, 1
6598, 1
6599, 1
6600, 1
6601, 1
6605, 1
6603, 1
6606, 1
6607, 1
6608, 1
6609, 1
6604, 1
6610, 1
6611, 1
6602, 1
6612, 1
6613, 1
6614, 1
6617, 1
6616, 1
6615, 1
6618, 1
6619, 1
6620, 1
6622, 1
6621, 1
6624, 1
6623, 1
6625, 1
6626, 1
6627, 1
6628, 1
6629, 1
6630, 1
6631, 1
6632, 1
6633, 1
6634, 1
6635, 1
6636, 1
6637, 1
6638, 1
6639, 1
6640, 1
6641, 1
6642, 1
6643, 1
6644, 1
6645, 1
6646, 1
6647, 1
6648, 1
6649, 1
6650, 1
6651, 1
6652, 1
6653, 1
6655, 1
6654, 1
6656, 1
6657, 1
6658, 1
6659, 1
6661, 1
6664, 1
6660, 1
6663, 1
6665, 1
6666, 1
6668, 1
6662, 1
6667, 1
6669, 1
6670, 1
6671, 1
6673, 1
6672, 1
6674, 1
6675, 1
6677, 1
6676, 1
6678, 1
6679, 1
6680, 1
6681, 1
6682, 1
6683, 1
6684, 1
6685, 1
6686, 1
6687, 1
6688, 1
6689, 1
6690, 1
6691, 1
6692, 1
6694, 1
6693, 1
6695, 1
6696, 1
6697, 1
6698, 1
6699, 1
6700, 1
6701, 1
6702, 1
6703, 1
6704, 1
6705, 1
6706, 1
6707, 1
6708, 1
6709, 1
6710, 1
6711, 1
6713, 1
6715, 1
6714, 1
6712, 1
6717, 1
6719, 1
6718, 1
6720, 1
6716, 1
6721, 1
6722, 1
6723, 1
6724, 1
6726, 1
6727, 1
6725, 1
6728, 1
6729, 1
6730, 1
6731, 1
6732, 1
6735, 1
6734, 1
6736, 1
6739, 1
6738, 1
6740, 1
6741, 1
6743, 1
6742, 1
6745, 1
6746, 1
6744, 1
6748, 1
6749, 1
6751, 1
6752, 1
6750, 1
6754, 1
6753, 1
6755, 1
6756, 1
6757, 1
6758, 1
6759, 1
6762, 1
6761, 1
6760, 1
6763, 1
6764, 1
6765, 1
6767, 1
6766, 1
6768, 1
6770, 1
6769, 1
6771, 1
6772, 1
6773, 1
6774, 1
6776, 1
6775, 1
6777, 1
6778, 1
6779, 1
6780, 1
6783, 1
6785, 1
6782, 1
6784, 1
6788, 1
6786, 1
6789, 1
6787, 1
6791, 1
6790, 1
6793, 1
6794, 1
6795, 1
6781, 1
6797, 1
6799, 1
6798, 1
6796, 1
6800, 1
6792, 1
6803, 1
6802, 1
6801, 1
6804, 1
6805, 1
6807, 1
6808, 1
6806, 1
6809, 1
6810, 1
6811, 1
6812, 1
6813, 1
6814, 1
6815, 1
6816, 1
6817, 1
6818, 1
6819, 1
6822, 1
6824, 1
6826, 1
6832, 1
6828, 1
6830, 1
6825, 1
6827, 1
6833, 1
6837, 1
6839, 1
6838, 1
6834, 1
6840, 1
6835, 1
6843, 1
6842, 1
6848, 1
6846, 1
6853, 1
6855, 1
6856, 1
6849, 1
6854, 1
6857, 1
6858, 1
6859, 1
6851, 1
6860, 1
6861, 1
6863, 1
6864, 1
6862, 1
6865, 1
6866, 1
6868, 1
6867, 1
6870, 1
6871, 1
6873, 1
6872, 1
6874, 1
6877, 1
6878, 1
6876, 1
6879, 1
6880, 1
6882, 1
6881, 1
6883, 1
6884, 1
6888, 1
6885, 1
6886, 1
6889, 1
6887, 1
6891, 1
6890, 1
6892, 1
6895, 1
6893, 1
6894, 1
6896, 1
6898, 1
6897, 1
6900, 1
6899, 1
6901, 1
6902, 1
6904, 1
6905, 1
6906, 1
6907, 1
6909, 1
6908, 1
6911, 1
6912, 1
6918, 1
6917, 1
6915, 1
6910, 1
6921, 1
6922, 1
6920, 1
6925, 1
6929, 1
6930, 1
6926, 1
6932, 1
6931, 1
6933, 1
6934, 1
6942, 1
6943, 1
6944, 1
6936, 1
6947, 1
6945, 1
6948, 1
6949, 1
6950, 1
6951, 1
6952, 1
6956, 1
6955, 1
6957, 1
6958, 1
6960, 1
6961, 1
6963, 1
6964, 1
6959, 1
6962, 1
6965, 1
6967, 1
6968, 1
6966, 1
6969, 1
6972, 1
6973, 1
6974, 1
6976, 1
6975, 1
6970, 1
6978, 1
6980, 1
6979, 1
6981, 1
6983, 1
6984, 1
6985, 1
6986, 1
6987, 1
6988, 1
6990, 1
6991, 1
6994, 1
6996, 1
6998, 1
6997, 1
6995, 1
7001, 1
6999, 1
7002, 1
7003, 1
7004, 1
7005, 1
7011, 1
7010, 1
7013, 1
7014, 1
7015, 1
7017, 1
7019, 1
7021, 1
7022, 1
7024, 1
7023, 1
7027, 1
7028, 1
7029, 1
7026, 1
7025, 1
7030, 1
7033, 1
7034, 1
7035, 1
7036, 1
7037, 1
7038, 1
7040, 1
7041, 1
7043, 1
7044, 1
7042, 1
7045, 1
7049, 1
7047, 1
7050, 1
7051, 1
7054, 1
7055, 1
7057, 1
7059, 1
7056, 1
7058, 1
2374, 2
3157, 2
3063, 2
3775, 2
2044, 2
3205, 2
5838, 2
3234, 2
2188, 2
2926, 2
1609, 2
1624, 2
4448, 2
3045, 2
2339, 2
4889, 2
3321, 2
1210, 2
2363, 2
2913, 2
3110, 2
1076, 2
2721, 2
2060, 2
3757, 2
1653, 2
3796, 2
2173, 2
3559, 2
4086, 2
2466, 2
2176, 2
2927, 2
2064, 2
2614, 2
2467, 2
2872, 2
2475, 2
5060, 2
2571, 2
3421, 2
3477, 2
1962, 2
2561, 2
4196, 2
2278, 2
3768, 2
3430, 2
3058, 2
3323, 2
2922, 2
2387, 2
1892, 2
4421, 2
2373, 2
1618, 2
1594, 2
3014, 2
4158, 2
1403, 2
2054, 2
1830, 2
2110, 2
2823, 2
2844, 2
3457, 2
4347, 2
3458, 2
2272, 2
3121, 2
2208, 2
3912, 2
3720, 2
3175, 2
4914, 2
1815, 2
3336, 2
3584, 2
2139, 2
3190, 2
1709, 2
3830, 2
2577, 2
1639, 2
2818, 2
4246, 2
1706, 2
616, 2
2019, 2
2839, 2
2959, 2
2209, 2
2883, 2
3731, 2
2465, 2
2809, 2
4427, 2
1316, 2
2753, 2
2850, 2
2248, 2
2172, 2
3696, 2
1989, 2
1119, 2
3831, 2
1223, 2
1525, 2
3021, 2
2126, 2
3064, 2
1224, 2
2320, 2
3783, 2
4262, 2
3888, 2
3422, 2
4424, 2
2832, 2
3464, 2
2983, 2
2199, 2
3203, 2
3109, 2
3961, 2
4230, 2
522, 2
1891, 2
1061, 2
1928, 2
1971, 2
2009, 2
2010, 2
1676, 2
3241, 2
6316, 2
2048, 2
2386, 2
867, 2
3819, 2
3878, 2
3344, 2
2796, 2
3191, 2
3471, 2
4441, 2
575, 2
2647, 2
2053, 2
1090, 2
1951, 2
4116, 2
3391, 2
3279, 2
2249, 2
3460, 2
647, 2
606, 2
2231, 2
3268, 2
4059, 2
3357, 2
6161, 2
1658, 2
3371, 2
2376, 2
2203, 2
2729, 2
1058, 2
631, 2
3252, 2
3445, 2
1747, 2
2532, 2
1047, 2
2866, 2
2631, 2
1165, 2
1693, 2
4365, 2
3446, 2
3785, 2
906, 2
3751, 2
1976, 2
1689, 2
927, 2
4294, 2
3470, 2
1827, 2
2180, 2
2847, 2
2026, 2
1917, 2
662, 2
2588, 2
1037, 2
4541, 2
2576, 2
3277, 2
2024, 2
623, 2
2817, 2
6167, 2
1640, 2
2831, 2
2752, 2
2250, 2
3514, 2
3308, 2
1700, 2
4152, 2
883, 2
3539, 2
4173, 2
3050, 2
2049, 2
2596, 2
2136, 2
2704, 2
2739, 2
2814, 2
2408, 2
2879, 2
1877, 2
2430, 2
3552, 2
1995, 2
1644, 2
1413, 2
4213, 2
2149, 2
2424, 2
4022, 2
3491, 2
3440, 2
2385, 2
2783, 2
2984, 2
3000, 2
6445, 2
2770, 2
2036, 2
2863, 2
2628, 2
2119, 2
923, 2
1993, 2
3363, 2
877, 2
3034, 2
2034, 2
1628, 2
1722, 2
1537, 2
1828, 2
1116, 2
6323, 2
1174, 2
3016, 2
1020, 2
1681, 2
3610, 2
2953, 2
3492, 2
2544, 2
195, 2
4610, 2
5908, 2
1260, 2
2642, 2
1227, 2
1048, 2
1731, 2
3786, 2
3343, 2
3426, 2
2533, 2
2287, 2
2792, 2
1932, 2
2805, 2
660, 2
1977, 2
3483, 2
1668, 2
3473, 2
1378, 2
2547, 2
1963, 2
2457, 2
2055, 2
3615, 2
1070, 2
4969, 2
5893, 2
6365, 2
2694, 2
2155, 2
5067, 2
642, 2
2493, 2
4271, 2
2681, 2
3315, 2
6141, 2
5888, 2
4683, 2
5899, 2
6151, 2
4674, 2
2133, 2
3771, 2
2793, 2
2012, 2
6117, 2
3022, 2
1092, 2
6148, 2
3244, 2
692, 2
2672, 2
6173, 2
3230, 2
3449, 2
3504, 2
4583, 2
4647, 2
4678, 2
5070, 2
5491, 2
4841, 3
3361, 3
2563, 3
3327, 3
3240, 3
2535, 3
2164, 3
3478, 3
2526, 3
3501, 3
3106, 3
3145, 3
3184, 3
2539, 3
2622, 3
3196, 3
3180, 3
2746, 3
4286, 3
2345, 3
3884, 3
2227, 3
2626, 3
3294, 3
4711, 3
4958, 3
3235, 3
2246, 3
3282, 3
3223, 3
4462, 3
4466, 3
2910, 3
1431, 3
2542, 3
3194, 3
2565, 3
3838, 3
3777, 3
2033, 3
2047, 3
2592, 3
2858, 3
3176, 3
2013, 3
2917, 3
4746, 3
2623, 3
5427, 3
4755, 3
4717, 3
2078, 3
4784, 3
4745, 3
1097, 3
3763, 3
1565, 3
4828, 3
2543, 3
1284, 3
3782, 3
1621, 3
2591, 3
3353, 3
1250, 3
1763, 3
2748, 3
2780, 3
2826, 3
2938, 3
3629, 3
4458, 3
6530, 3
669, 3
3257, 3
4461, 3
2637, 3
1607, 3
4783, 3
2964, 3
2942, 3
3416, 3
3185, 3
1196, 3
3984, 3
3091, 3
4103, 3
4002, 3
1200, 3
2899, 3
3178, 3
3166, 3
3764, 3
3038, 3
1077, 3
1095, 3
3515, 3
2743, 3
3910, 3
3139, 3
604, 3
6172, 3
1682, 3
3028, 3
2880, 3
2496, 3
1385, 3
3750, 3
1434, 3
4064, 3
1237, 3
1585, 3
1060, 3
1938, 3
2856, 3
3738, 3
3657, 3
6385, 3
3267, 3
1193, 3
33, 3
5833, 3
2292, 3
2101, 3
2343, 3
1946, 3
4254, 3
4, 3
1510, 3
2427, 3
1171, 3
2875, 3
3465, 3
2040, 3
4074, 3
2581, 3
766, 3
802, 3
882, 3
4137, 3
5809, 3
720, 3
5707, 3
824, 3
2023, 3
6254, 3
2994, 3
3817, 3
2716, 3
5568, 3
3892, 3
2595, 3
1289, 3
4300, 3
3119, 3
2916, 3
965, 3
2874, 3
1021, 3
510, 3
4316, 3
3727, 3
1149, 3
3183, 3
1228, 3
1771, 3
1007, 3
1627, 3
2797, 3
2609, 3
3711, 3
4036, 3
6500, 3
1322, 3
2461, 3
2072, 3
3395, 3
4007, 3
5965, 3
821, 3
3605, 3
995, 3
805, 3
875, 3
3170, 3
2802, 3
4944, 3
6160, 3
2786, 3
2692, 3
2882, 3
4238, 3
2120, 3
313, 3
5346, 3
1532, 3
990, 3
1530, 3
3017, 3
4895, 3
6156, 3
1147, 3
2929, 3
4739, 3
1842, 3
4383, 3
1870, 3
6205, 3
3637, 3
5602, 3
4168, 3
1446, 3
4079, 3
3789, 3
3791, 3
1214, 3
1675, 3
1924, 3
2852, 3
6376, 3
2308, 3
2949, 3
2810, 3
3533, 3
5413, 3
3935, 3
2782, 3
5997, 3
3922, 3
2497, 3
3758, 3
3765, 3
1308, 3
1717, 3
5735, 3
5717, 3
3889, 3
624, 3
830, 3
3122, 3
1407, 3
2674, 3
1184, 3
4419, 3
2965, 3
3689, 3
5624, 3
5309, 3
1146, 3
1190, 3
2997, 3
1620, 3
976, 3
1816, 3
6128, 3
3759, 3
5748, 3
5879, 3
1265, 3
1992, 3
5138, 3
4169, 3
5234, 3
1996, 3
4521, 3
1736, 3
2918, 3
718, 3
1488, 3
5435, 3
2610, 3
5121, 3
3155, 3
4943, 3
1785, 3
4744, 3
4361, 3
2519, 3
2835, 3
3769, 3
938, 3
4099, 3
841, 3
2280, 3
4323, 3
889, 3
2727, 3
1661, 3
3980, 3
2790, 3
967, 3
1447, 3
3284, 3
4861, 3
5601, 3
1944, 3
1539, 3
2851, 3
1236, 3
1073, 3
3535, 3
4296, 3
2478, 3
870, 3
3760, 3
2123, 3
1752, 3
880, 3
5676, 3
2102, 3
4209, 3
3939, 3
5919, 3
6305, 3
4924, 3
245, 3
1365, 3
5784, 3
598, 3
1344, 3
858, 3
4330, 3
745, 3
1330, 3
1162, 3
5045, 3
1479, 3
2812, 3
5718, 3
447, 3
1686, 3
4519, 3
2307, 3
4037, 3
2789, 3
541, 3
5678, 3
643, 3
4356, 3
814, 3
5643, 3
4031, 3
5889, 3
1794, 3
6008, 3
2325, 3
5709, 3
1140, 3
5934, 3
1619, 3
2046, 3
2445, 3
963, 3
1751, 3
1329, 3
982, 3
4051, 3
1332, 3
4302, 3
4410, 3
2128, 3
1543, 3
5091, 3
4065, 3
3288, 3
701, 3
5307, 3
3497, 3
5035, 3
1025, 3
1038, 3
1062, 3
1137, 3
1189, 3
1213, 3
1372, 3
1456, 3
1468, 3
1513, 3
1868, 3
1761, 3
1875, 3
1884, 3
2112, 3
2192, 3
2372, 3
2489, 3
2779, 3
2935, 3
2433, 3
3583, 3
5677, 3
1926, 3
3181, 3
4876, 3
4235, 3
1809, 3
5669, 3
5290, 3
2237, 3
1282, 3
4008, 3
5868, 3
793, 3
5232, 3
5921, 3
2434, 3
1203, 3
2756, 3
3469, 3
169, 3
4608, 3
3036, 3
3656, 3
888, 3
1636, 3
901, 3
5817, 3
1461, 3
887, 3
4638, 3
5756, 3
942, 3
2968, 3
5988, 3
4730, 3
1366, 3
4161, 3
4857, 3
3901, 3
3, 3
6454, 3
3335, 3
2030, 3
4545, 3
725, 3
4281, 3
1498, 3
4120, 3
4671, 3
5031, 3
5861, 3
5812, 3
6152, 3
2415, 3
5247, 3
3006, 3
5116, 3
3221, 3
4731, 3
816, 3
4520, 3
1463, 3
5662, 3
1677, 3
881, 3
4848, 3
443, 3
152, 3
4974, 3
1098, 3
1099, 3
4399, 3
2811, 3
2666, 3
27, 3
907, 3
6532, 3
4885, 3
141, 3
4906, 3
1246, 3
5661, 3
57, 3
1104, 3
3359, 3
1156, 3
2035, 3
620, 3
5772, 3
2338, 3
2181, 3
5088, 3
2678, 3
5699, 3
948, 3
4024, 3
1465, 3
5145, 3
4070, 3
857, 3
5106, 3
4778, 3
4714, 3
1588, 3
202, 3
989, 3
1043, 3
1067, 3
2390, 3
6158, 3
2270, 3
4451, 3
2908, 3
1659, 3
1671, 3
981, 3
1373, 3
978, 3
849, 3
4403, 3
2787, 3
2566, 3
874, 3
1548, 3
736, 3
844, 3
5593, 3
4138, 3
3927, 3
3717, 3
3510, 3
289, 3
847, 3
4107, 3
2341, 3
6280, 3
4001, 3
964, 3
1309, 3
6528, 3
842, 3
5594, 3
4890, 3
5755, 3
5590, 3
958, 3
819, 3
7, 3
6009, 3
4599, 3
871, 3
4384, 3
3009, 3
609, 3
5972, 3
3438, 3
4950, 3
1448, 3
6296, 3
3367, 3
3093, 3
3332, 3
6177, 3
4769, 3
5313, 3
5109, 3
6317, 3
607, 3
5867, 3
2602, 3
1422, 3
2771, 3
2104, 3
2116, 3
2067, 3
714, 3
3013, 3
790, 3
5911, 3
6342, 3
1549, 3
470, 3
1234, 3
1715, 3
1490, 3
5119, 3
331, 3
3690, 3
4452, 3
3425, 3
4623, 3
3052, 3
4016, 3
3729, 3
3481, 3
783, 3
150, 3
4700, 3
3665, 3
4634, 3
2868, 3
1287, 3
3334, 3
5589, 3
855, 3
750, 3
31, 3
2069, 3
1012, 3
5989, 3
4350, 3
6139, 3
2873, 3
936, 3
804, 3
2742, 3
5239, 3
5690, 3
5724, 3
5445, 3
5100, 3
2194, 3
155, 3
4864, 3
149, 3
451, 3
6344, 3
4156, 3
3005, 3
831, 3
582, 3
4751, 3
4332, 3
6157, 3
2975, 3
504, 3
1105, 3
448, 3
5008, 3
175, 3
3841, 3
649, 3
659, 3
1212, 3
2151, 3
2367, 3
4301, 3
5141, 3
5607, 3
3999, 3
1382, 3
1229, 3
5107, 3
5572, 3
1028, 3
3007, 3
171, 3
2902, 3
1326, 3
5241, 3
6259, 3
4465, 3
5022, 3
3071, 3
6142, 3
934, 3
6820, 3
4504, 3
5790, 3
6015, 3
325, 3
2989, 3
4761, 3
106, 3
4830, 3
24, 3
1477, 3
197, 3
1562, 3
3108, 3
5691, 3
1056, 3
1566, 3
1085, 3
4304, 3
88, 3
211, 3
1418, 3
6120, 3
3507, 3
5546, 3
5829, 3
562, 3
518, 3
5721, 3
5694, 3
4508, 3
4121, 3
5828, 3
145, 3
1496, 3
144, 3
5111, 3
836, 3
3258, 3
4701, 3
1784, 3
3251, 3
1426, 3
4363, 3
1186, 3
5640, 3
2503, 3
2234, 3
29, 3
1692, 3
4661, 3
3102, 3
4682, 3
6150, 3
131, 3
1500, 3
1420, 3
2661, 3
6159, 3
506, 3
915, 3
5926, 3
1039, 3
1990, 3
5027, 3
6489, 3
767, 3
3101, 3
2130, 3
5227, 3
1221, 3
772, 3
215, 3
3088, 3
1209, 3
839, 3
5847, 3
2507, 3
2459, 3
5310, 3
2210, 3
3546, 3
2808, 3
270, 3
3208, 3
19, 3
161, 3
3226, 3
1, 3
1207, 3
3697, 3
3958, 3
15, 3
6113, 3
240, 3
192, 3
18, 3
66, 3
588, 3
3663, 3
655, 3
187, 3
4331, 3
6130, 3
1749, 3
3994, 3
2907, 3
1444, 3
30, 3
6129, 3
6104, 3
1093, 3
6165, 3
1740, 3
1455, 3
343, 3
768, 3
2193, 3
1887, 3
2366, 3
709, 3
826, 3
5220, 3
3096, 3
3174, 3
3047, 3
35, 3
3998, 3
1432, 3
6088, 3
12, 3
497, 3
548, 3
2688, 3
3053, 3
3098, 3
3099, 3
3199, 3
3238, 3
3503, 3
3505, 3
3653, 3
3658, 3
3705, 3
3700, 3
3735, 3
3748, 3
3793, 3
3792, 3
3818, 3
3843, 3
3837, 3
3844, 3
3886, 3
3905, 3
3932, 3
3929, 3
3942, 3
3952, 3
3959, 3
3968, 3
3975, 3
3979, 3
3997, 3
4005, 3
4131, 3
4340, 3
4368, 3
4537, 3
4551, 3
4585, 3
4588, 3
4596, 3
4597, 3
4624, 3
4629, 3
4652, 3
4666, 3
4669, 3
4670, 3
4676, 3
4697, 3
4704, 3
4710, 3
4734, 3
4742, 3
4757, 3
4748, 3
4762, 3
4791, 3
4792, 3
4808, 3
4817, 3
4816, 3
4838, 3
4852, 3
4869, 3
5077, 3
5430, 3
5443, 3
5461, 3
5530, 3
5533, 3
5529, 3
6115, 3
6134, 3
6220, 3
6238, 3
6245, 3
6258, 3
6737, 3
6747, 3
2722, 4
3298, 4
1545, 4
1571, 4
3428, 4
2635, 4
3316, 4
3309, 4
3318, 4
2921, 4
1957, 4
3215, 4
3348, 4
3376, 4
2836, 4
4081, 4
1558, 4
3272, 4
1840, 4
3242, 4
2696, 4
2485, 4
2105, 4
3350, 4
3405, 4
3273, 4
3970, 4
3360, 4
3239, 4
3442, 4
2324, 4
2985, 4
1561, 4
2332, 4
2484, 4
4080, 4
3388, 4
2414, 4
3441, 4
1901, 4
2142, 4
2483, 4
3415, 4
3165, 4
2321, 4
3286, 4
2550, 4
2446, 4
4206, 4
2388, 4
1670, 4
2636, 4
4295, 4
2039, 4
3882, 4
2784, 4
4195, 4
1666, 4
3171, 4
3674, 4
2090, 4
3761, 4
3370, 4
1949, 4
3488, 4
1907, 4
3381, 4
3947, 4
3212, 4
3580, 4
2389, 4
3397, 4
1664, 4
3482, 4
2100, 4
2864, 4
1929, 4
3489, 4
3995, 4
2037, 4
2515, 4
1578, 4
1602, 4
2413, 4
2646, 4
3065, 4
2083, 4
3394, 4
2521, 4
1575, 4
2330, 4
3326, 4
2528, 4
3389, 4
2719, 4
1908, 4
2379, 4
3806, 4
3358, 4
3989, 4
2560, 4
3403, 4
1934, 4
2113, 4
1225, 4
4376, 4
3296, 4
4078, 4
3484, 4
2170, 4
2204, 4
1973, 4
1665, 4
2300, 4
3303, 4
2393, 4
1857, 4
3055, 4
4249, 4
1777, 4
1950, 4
3341, 4
3420, 4
3716, 4
2840, 4
3232, 4
2436, 4
2422, 4
1906, 4
3706, 4
629, 4
1805, 4
2309, 4
1890, 4
2612, 4
1900, 4
3972, 4
3382, 4
2089, 4
1791, 4
1837, 4
1818, 4
2020, 4
1858, 4
1886, 4
4413, 4
1263, 4
2304, 4
2305, 4
1261, 4
3317, 4
1226, 4
3027, 4
3302, 4
2392, 4
2480, 4
825, 4
3383, 4
2675, 4
2407, 4
1601, 4
2946, 4
2096, 4
2479, 4
1933, 4
3435, 4
1201, 4
2686, 4
3076, 4
2087, 4
3342, 4
2575, 4
3410, 4
1853, 4
3635, 4
1591, 4
2549, 4
3642, 4
1899, 4
3414, 4
1603, 4
2869, 4
2190, 4
1982, 4
4212, 4
4136, 4
4339, 4
2403, 4
2350, 4
1913, 4
2541, 4
2857, 4
3417, 4
1985, 4
2568, 4
2177, 4
3400, 4
3732, 4
3056, 4
3377, 4
2157, 4
3068, 4
1844, 4
2284, 4
2435, 4
2529, 4
521, 4
2711, 4
1975, 4
2924, 4
2511, 4
1269, 4
1808, 4
1611, 4
1872, 4
2730, 4
4920, 4
1262, 4
2017, 4
2268, 4
2822, 4
3926, 4
2043, 4
3949, 4
3447, 4
4093, 4
3153, 4
1838, 4
2660, 4
2854, 4
2196, 4
1721, 4
3398, 4
2718, 4
2357, 4
1800, 4
4157, 4
1091, 4
3749, 4
2256, 4
1182, 4
3856, 4
2518, 4
2537, 4
4936, 4
2551, 4
4030, 4
3364, 4
1845, 4
3456, 4
2558, 4
2641, 4
2517, 4
1531, 4
2945, 4
4322, 4
3899, 4
3463, 4
1596, 4
3531, 4
2671, 4
2598, 4
6324, 4
2418, 4
2056, 4
4328, 4
1954, 4
2486, 4
1110, 4
1559, 4
2687, 4
3401, 4
3499, 4
3965, 4
2665, 4
3387, 4
3846, 4
1417, 4
2513, 4
3211, 4
1885, 4
727, 4
2524, 4
1678, 4
1920, 4
2593, 4
4953, 4
3042, 4
3189, 4
3162, 4
2970, 4
2604, 4
3293, 4
3487, 4
2600, 4
3254, 4
1978, 4
3020, 4
2633, 4
2215, 4
2091, 4
1544, 4
1819, 4
3646, 4
2016, 4
2834, 4
2582, 4
2634, 4
3393, 4
3385, 4
2630, 4
1720, 4
2440, 4
4247, 4
282, 4
2469, 4
2530, 4
2693, 4
2167, 4
2608, 4
2406, 4
1823, 4
3413, 4
1662, 4
3407, 4
1166, 4
4040, 4
4625, 4
3075, 4
4951, 4
3078, 4
2763, 4
4971, 4
4930, 4
4028, 4
1793, 4
2021, 4
1728, 4
1198, 4
2632, 4
3444, 4
6147, 4
2262, 4
2409, 4
2460, 4
2464, 4
2038, 4
2611, 4
3229, 4
905, 4
4899, 4
2806, 4
2426, 4
911, 4
2772, 4
3237, 4
2441, 4
1134, 4
1724, 4
2195, 4
3725, 4
6163, 4
3944, 4
2303, 4
6132, 4
3396, 4
3876, 4
5770, 4
3780, 4
1034, 4
6146, 4
1524, 4
6143, 4
2795, 4
6123, 4
5916, 4
6135, 4
3260, 4
683, 4
5727, 4
3611, 4
829, 4
3340, 4
3261, 4
262, 4
284, 4
3455, 4
4672, 4
3493, 5
3265, 5
3295, 5
3283, 5
2522, 5
3192, 5
3137, 5
3337, 5
3127, 5
3290, 5
3355, 5
3138, 5
2554, 5
3266, 5
3375, 5
2322, 5
3202, 5
3424, 5
3269, 5
3210, 5
2579, 5
2516, 5
3060, 5
2731, 5
3386, 5
3885, 5
2331, 5
2018, 5
2538, 5
2827, 5
1369, 5
2766, 5
2971, 5
4353, 5
3873, 5
2223, 5
4457, 5
1953, 5
2282, 5
4313, 5
2454, 5
2695, 5
912, 5
3113, 5
5946, 5
1161, 5
5032, 5
3300, 5
3756, 5
2909, 5
2546, 5
5767, 5
2111, 5
4100, 5
605, 5
4333, 5
2512, 5
3948, 5
1660, 5
4375, 5
2296, 5
4372, 5
3134, 5
3675, 5
2315, 5
2791, 5
2555, 5
3032, 5
863, 5
2586, 5
619, 5
4177, 5
3219, 5
850, 5
1754, 5
1631, 5
2264, 5
3130, 5
6356, 5
4110, 5
4352, 5
4032, 5
1974, 5
2171, 5
1806, 5
3132, 5
4344, 5
3836, 5
5841, 5
4401, 5
3044, 5
2150, 5
3774, 5
4289, 5
1615, 5
3131, 5
921, 5
1960, 5
704, 5
2254, 5
4315, 5
1716, 5
2892, 5
2281, 5
1152, 5
4188, 5
4342, 5
2456, 5
4216, 5
2127, 5
1584, 5
6328, 5
2821, 5
3204, 5
1245, 5
3921, 5
3913, 5
5783, 5
1517, 5
2470, 5
1264, 5
4060, 5
3411, 5
3941, 5
2848, 5
1538, 5
4939, 5
5260, 5
1655, 5
1704, 5
2057, 5
4061, 5
2027, 5
3111, 5
1068, 5
5766, 5
3517, 5
2399, 5
3581, 5
828, 5
3563, 5
3197, 5
4679, 5
1616, 5
4042, 5
1453, 5
2904, 5
4139, 5
2174, 5
4102, 5
2925, 5
3754, 5
4228, 5
5752, 5
2981, 5
3943, 5
3521, 5
5955, 5
4087, 5
4834, 5
5072, 5
2862, 5
1782, 5
2269, 5
1756, 5
2431, 5
908, 5
3827, 5
2951, 5
4928, 5
1535, 5
5299, 5
2318, 5
4695, 5
5831, 5
2115, 5
1059, 5
2079, 5
2094, 5
2760, 5
2080, 5
2947, 5
2963, 5
835, 5
3472, 5
904, 5
563, 5
5826, 5
2923, 5
2410, 5
900, 5
3969, 5
941, 5
6482, 5
1475, 5
1188, 5
4576, 5
1026, 5
3225, 5
3859, 5
1567, 5
5776, 5
1813, 5
5800, 5
3049, 5
3890, 5
3485, 5
2448, 5
3373, 5
4221, 5
5832, 5
3454, 5
5605, 5
2042, 5
2265, 5
3081, 5
4835, 5
1642, 5
4386, 5
628, 5
5856, 5
5858, 5
2937, 5
2958, 5
2122, 5
621, 5
886, 5
6359, 5
3123, 5
3891, 5
2383, 5
5807, 5
2987, 5
890, 5
1864, 5
919, 5
2301, 5
4392, 5
1910, 5
1649, 5
1959, 5
5810, 5
1101, 5
1416, 5
757, 5
4931, 5
2353, 5
2745, 5
1835, 5
600, 5
4357, 5
1824, 5
4018, 5
2534, 5
2767, 5
635, 5
833, 5
5743, 5
2380, 5
1144, 5
3408, 5
2109, 5
1295, 5
1521, 5
2398, 5
2956, 5
3906, 5
1927, 5
1970, 5
922, 5
4856, 5
1395, 5
2757, 5
1411, 5
6266, 5
2207, 5
3966, 5
4325, 5
3306, 5
4965, 5
5903, 5
1635, 5
3579, 5
2421, 5
1128, 5
2891, 5
4406, 5
2302, 5
4359, 5
4879, 5
2781, 5
4381, 5
1769, 5
2286, 5
4800, 5
4693, 5
2472, 5
840, 5
1164, 5
2277, 5
3945, 5
5882, 5
5400, 5
925, 5
3724, 5
2819, 5
4184, 5
2638, 5
2645, 5
1074, 5
3500, 5
5201, 5
1767, 5
2279, 5
4528, 5
2011, 5
2061, 5
547, 5
4952, 5
2594, 5
2776, 5
21, 5
3112, 5
2266, 5
2071, 5
2759, 5
2932, 5
1106, 5
3974, 5
3177, 5
1163, 5
4961, 5
6270, 5
4963, 5
3728, 5
539, 5
3026, 5
4097, 5
4827, 5
4877, 5
968, 5
2669, 5
1482, 5
3374, 5
4039, 5
932, 5
3040, 5
2505, 5
1812, 5
2651, 5
1598, 5
20, 5
640, 5
3554, 5
2754, 5
4187, 5
5262, 5
6124, 5
926, 5
630, 5
5256, 5
2764, 5
2950, 5
2703, 5
526, 5
4268, 5
946, 5
6315, 5
3964, 5
5741, 5
2570, 5
864, 5
4888, 5
5930, 5
4887, 5
2498, 5
6021, 5
2359, 5
146, 5
2065, 5
4771, 5
3866, 5
5747, 5
1727, 5
1065, 5
1480, 5
1132, 5
2998, 5
2152, 5
2653, 5
3054, 5
3537, 5
5120, 5
2762, 5
4398, 5
778, 5
1254, 5
3824, 5
2274, 5
2845, 5
1052, 5
3352, 5
2886, 5
2749, 5
163, 5
505, 5
2597, 5
2328, 5
2437, 5
3103, 5
1797, 5
4949, 5
1157, 5
3041, 5
2777, 5
1136, 5
2509, 5
3917, 5
5949, 5
1205, 5
1320, 5
3513, 5
4558, 5
3687, 5
1863, 5
6112, 5
3915, 5
209, 5
6261, 5
983, 5
4068, 5
2058, 5
878, 5
2474, 5
1192, 5
1776, 5
5245, 5
2337, 5
1173, 5
6108, 5
5769, 5
4026, 5
4450, 5
2482, 5
3874, 5
178, 5
508, 5
1773, 5
3590, 5
2740, 5
189, 5
4165, 5
1712, 5
1467, 5
3723, 5
2572, 5
1292, 5
817, 5
2738, 5
4546, 5
200, 5
1063, 5
5971, 5
1648, 5
815, 5
2673, 5
5587, 5
885, 5
1760, 5
5746, 5
4938, 5
4366, 5
1458, 5
931, 5
5571, 5
1195, 5
1235, 5
1786, 5
734, 5
657, 5
1159, 5
2659, 5
3853, 5
1356, 5
4027, 5
564, 5
4831, 5
5071, 5
1730, 5
3883, 5
5789, 5
918, 5
2996, 5
2081, 5
5129, 5
2773, 5
2499, 5
974, 5
2969, 5
1211, 5
5394, 5
2934, 5
723, 5
3069, 5
6140, 5
2336, 5
818, 5
1327, 5
2855, 5
1314, 5
5561, 5
1240, 5
6020, 5
1425, 5
2145, 5
1533, 5
2960, 5
2295, 5
3644, 5
671, 5
2490, 5
648, 5
2761, 5
5720, 5
28, 5
3418, 5
2066, 5
3084, 5
4380, 5
4354, 5
6133, 5
6171, 5
4922, 5
873, 5
854, 5
1527, 5
137, 5
5901, 5
6111, 5
2768, 5
1083, 5
2175, 5
6018, 5
2107, 5
5204, 5
2082, 5
6169, 5
1701, 5
1084, 5
6552, 5
4149, 5
4918, 5
4657, 5
4725, 5
4459, 5
2920, 5
846, 5
943, 5
1046, 5
1464, 5
1512, 5
1718, 5
2455, 5
2928, 5
2952, 5
4444, 5
716, 5
6119, 5
2903, 5
811, 5
6106, 5
2884, 5
1459, 5
795, 5
166, 5
1470, 5
653, 5
5896, 5
4145, 5
249, 5
268, 5
2644, 5
3164, 5
3168, 5
3195, 5
3399, 5
3506, 5
3509, 5
3650, 5
3745, 5
3940, 5
3976, 5
4673, 5
4702, 5
4712, 5
4740, 5
4741, 5
4777, 5
4797, 5
4870, 5
5099, 5
5532, 5
6024, 5
6084, 5
6236, 5
3299, 6
3339, 6
1570, 6
2548, 6
2085, 6
1638, 6
1590, 6
3431, 6
1617, 6
1552, 6
1541, 6
3117, 6
1554, 6
2097, 6
3320, 6
1553, 6
2562, 6
3329, 6
3333, 6
2700, 6
2143, 6
1557, 6
3366, 6
2574, 6
2491, 6
3328, 6
2492, 6
3150, 6
1529, 6
1593, 6
1626, 6
1556, 6
3169, 6
1710, 6
1654, 6
1555, 6
2463, 6
2676, 6
2084, 6
1942, 6
2425, 6
3345, 6
1563, 6
1592, 6
1846, 6
2086, 6
3448, 6
3148, 6
4290, 6
1781, 6
3870, 6
2468, 6
3365, 6
2447, 6
3324, 6
2664, 6
3193, 6
1918, 6
2702, 6
2206, 6
2552, 6
1956, 6
2384, 6
3423, 6
1865, 6
1546, 6
3118, 6
3354, 6
1852, 6
3149, 6
2520, 6
3154, 6
3338, 6
1526, 6
3479, 6
2495, 6
3957, 6
2697, 6
2590, 6
2355, 6
2255, 6
3432, 6
3787, 6
2564, 6
2525, 6
2375, 6
2370, 6
4291, 6
3322, 6
1796, 6
2627, 6
2229, 6
1600, 6
3074, 6
2462, 6
2677, 6
2244, 6
4469, 6
3518, 6
1881, 6
2106, 6
3923, 6
4472, 6
2191, 6
2369, 6
1880, 6
1547, 6
3864, 6
1955, 6
2613, 6
2197, 6
2453, 6
1882, 6
3135, 6
3278, 6
4219, 6
3066, 6
3480, 6
1912, 6
2299, 6
3474, 6
2327, 6
3301, 6
3953, 6
2531, 6
3362, 6
2205, 6
1919, 6
2569, 6
3589, 6
4355, 6
2329, 6
1879, 6
2088, 6
2680, 6
3616, 6
3494, 6
2476, 6
2245, 6
3860, 6
3312, 6
3243, 6
3372, 6
2488, 6
3429, 6
4122, 6
2346, 6
4402, 6
1893, 6
1983, 6
2895, 6
3310, 6
3816, 6
2137, 6
2419, 6
2514, 6
4468, 6
2640, 6
3325, 6
1972, 6
2536, 6
2344, 6
3898, 6
3854, 6
2213, 6
2361, 6
3015, 6
3378, 6
2252, 6
3263, 6
1803, 6
3019, 6
3840, 6
1903, 6
879, 6
3390, 6
2733, 6
2423, 6
4023, 6
3845, 6
2580, 6
4408, 6
2557, 6
2015, 6
3450, 6
2663, 6
2163, 6
3451, 6
2354, 6
2556, 6
1759, 6
2095, 6
3304, 6
2540, 6
1614, 6
2240, 6
2186, 6
3409, 6
3936, 6
1994, 6
2589, 6
3305, 6
6137, 6
3311, 6
2259, 6
3434, 6
3439, 6
